"idu","username"
"1363","00000"
"777","0anin0"
"1760","1254tomasko1"
"956","1down"
"1945","204z0823uh"
"470","22naru"
"2026","23margit"
"2520","23miles"
"1723","23tlnsystem"
"971","2cor3"
"2500","3ss"
"1117","6hoekaf"
"2609","7ventos"
"1298","800a1312"
"563","a10"
"17","a2keyboard"
"2091","aavw"
"2100","abd23"
"748","abed"
"1675","abhishek_sharma"
"1071","abtuop_douzcore"
"2539","abuatek"
"1726","acab_buchi"
"2608","achraf4you"
"189","acidaxel96"
"90","aciddivision"
"2670","acidiste"
"2345","acidphantom"
"1353","acidrunner23"
"125","acidtechno303"
"949","acifilis"
"1096","adahy_apachy"
"1519","adam_martisovsky"
"554","adam_twentythree"
"311","adam.robb"
"493","adil_zayonne"
"1080","adina_adina"
"2328","adriana"
"2278","adriano_calvia"
"1543","adriano_delfino"
"184","adriano.cubas"
"2317","adrie"
"667","adunakhor"
"699","ag_ag"
"2450","agnese_ceccarelli"
"2337","agness"
"2147","agx"
"2445","ah"
"131","ahhthai"
"1676","ahmad"
"698","aigner"
"480","aipa"
"1555","airbass_freetekno"
"1683","ajdam"
"245","aketson"
"15","akro13"
"2619","al_bi"
"1686","albabox"
"2239","albasangro"
"1623","alberto_angelini"
"2378","alberto_pizzo"
"743","alberto_zaccaria"
"1569","albiovix"
"1109","aldo_petritaj"
"2495","aldo_petritaj246"
"1836","ale_bauhas"
"692","ale_ks"
"1052","ale_xandra"
"208","ale.xander"
"114","ale00mindencrypted"
"1361","ale225"
"2466","aleinad_sahnizl"
"1309","ales_wokurek"
"1734","alessandra_cenzuales"
"1925","alessandrina"
"1744","alessandro_bianchi"
"2251","alessandro_cavallo"
"1463","alessandro_falabrino"
"770","alessandro_martinelli"
"2253","alessandro_merino"
"1234","alessandro_pagliaro"
"682","alessandro_simoni"
"2327","alessandro_ugo"
"2032","alessia_leocata"
"1130","alessia_marzulli"
"1207","alessio_bilenchi"
"471","alessio_casciani"
"1392","alessio_ferrareis"
"217","alessio.monzillo"
"2306","alex_beretta"
"2716","alex_busy"
"1095","alex_endo"
"578","alex_gabriel"
"859","alex_juju"
"1573","alex_manouch"
"905","alex_vigato"
"923","alex_vsdoriz"
"252","alex.protti"
"354","alex.thetrickster"
"2267","alexander_dramoundanis"
"1714","alexander_metaler"
"1586","alexander_ruhland"
"466","alexander_zubarev"
"1326","alexandr_strakh"
"1866","alexandra_olivia"
"800","alexandre_jardinier"
"412","alexandre_marchand"
"268","alexandre.houchard"
"126","alexclark"
"2591","alexi"
"1141","alexis_lamotte"
"484","alexis_paparrodopoulos"
"828","alextc2570"
"2216","alfredo_grahams"
"2321","ali_enos"
"1424","ali_khan"
"2238","ali_rezaee"
"1276","alice_capecchi"
"1563","alice_caprile"
"1996","alice_cramesnil"
"420","alin_stefan"
"1647","alina_iancu"
"520","alison_shomali"
"2355","alkaloid23"
"1663","alkaloids"
"988","all_tek"
"2156","allan_blinkhorn"
"1919","allan_gebbie"
"2451","almaon"
"180","alphatek"
"64","alteredpilz"
"1881","alves"
"2459","alx_respondek"
"1694","amb_beer"
"2667","ami_gi"
"560","ami_san"
"401","amine"
"82","amonyma"
"2435","amoxoma_twntythre"
"1596","an_fel"
"332","ana.itd"
"1942","anano_imnadze"
"1756","anarchyisnotachaos23"
"2405","anarkotek23"
"3","anarkya"
"2248","anastasia_vilou"
"2526","anderson"
"2118","andrasrazvan97"
"1876","andre_greven"
"2501","andre_greven552"
"884","andrea"
"2372","andrea_andrew"
"1235","andrea_budicin"
"2354","andrea_busa"
"2313","andrea_farinella"
"665","andrea_favaretto"
"2440","andrea_ferraris"
"729","andrea_galmuzzi"
"612","andrea_greco"
"2491","andrea_grez"
"2698","andrea_meneghini"
"2212","andrea_morganti"
"2343","andrea_paggi"
"2460","andrea_panebianco"
"2221","andrea_undermatic"
"336","andrea.litrico"
"2571","andrea250"
"1194","andreas"
"816","andrebosco"
"37","andreeaklara"
"676","andrei_golo"
"2473","andrei_mecea"
"2432","andrei_teo"
"1250","andrej_hanuliak"
"1956","andreu"
"2525","andrew_sherif"
"1173","andrzj_guldzinski"
"2708","andy_mazz"
"1557","andy_sommer"
"1930","aneso_oo"
"2142","anet"
"426","anett_ungar"
"1434","angela_panico"
"2709","angelakaos"
"1864","angelica_angelieri"
"1338","angelika_bath"
"677","angelo_tignola"
"2362","angileri_enzo"
"2696","anika_werkner"
"1273","anna_karsai"
"2536","annacarina"
"322","annainit1"
"659","annalaura_sapia"
"1539","annamaria_casadio"
"297","annina"
"731","anonimo_nessuno"
"485","anthony_allix"
"615","anthony_burgard"
"872","anthony_lm"
"2294","anthony_wright"
"382","antikernkraft"
"1022","antipas"
"1390","anto_vayssiere"
"1789","anto22"
"774","antoankr"
"1799","antoine_chazarenc"
"1782","antoine_dodane"
"2159","antoine_lerat"
"2060","antoine_villard"
"2507","antoni_ludwikowski"
"458","antonin_delboy"
"1431","antonio_lubrano"
"1064","antonio_pietro"
"1551","antonio_salvucci"
"1631","apa_plata"
"1650","apenzuur"
"2592","arach"
"2638","aradillon_datteri"
"2431","arianna"
"2282","arianna_mex"
"204","arianna.aramini"
"1643","arie_knegt"
"2685","aris"
"632","arnau_estrada"
"935","arnaucrespoanto"
"1148","arnaud_millet"
"165","arne.vereecken"
"1335","arny_callejero"
"2275","aroba"
"1394","art_you"
"1661","artek23"
"1224","arthur_colomban"
"1377","arvind_jangir"
"2261","ary"
"1477","ashutosh_negi"
"1281","askewself"
"46","asphaltpirates"
"2149","asse"
"1188","asta_roth"
"507","ata_jamali"
"756","atik01"
"1841","attila_rudits"
"1731","au_ro"
"444","audiomatik"
"669","auditory_cortex"
"769","aura_rossi"
"1722","aurora_tarallo"
"157","austronik"
"2155","averaver"
"2071","axel_fuller"
"992","axel_lafamilial"
"1456","axel_santiago"
"251","axiom23"
"1467","ayrton_lischer"
"2654","aztek"
"2084","azumi_airi"
"61","azur30"
"894","backslashzero"
"45","bakatek"
"2148","balanced"
"1177","baloubass"
"1040","band_dreiundzwanzig"
"977","bandroid"
"452","banguy_treuzelmans"
"2464","baphomett_barcenas"
"830","baproh0r"
"1508","barbara"
"965","barbara_bauer"
"1321","barbara_sparks"
"1531","barbora"
"1337","barmanka22"
"2472","barnabe"
"16","barraak"
"109","bartschoon23"
"1059","barunka"
"2687","bas_jacobs"
"934","basix_dystorsound"
"1548","bassam_bouchi"
"416","bassbrain"
"2246","bastosb23"
"1527","batatek"
"1278","baumhackl"
"607","bc23"
"2468","beatrelikt"
"1599","beatx"
"918","bebe_gass"
"265","beggamon"
"481","ben_boc"
"1042","ben_honko"
"1662","ben_jammin"
"418","ben_z"
"925","bence"
"2643","bene"
"2402","benedikt_nebral"
"334","benjamin"
"2255","benjamin_hervieu"
"582","benjamin_milhiou"
"2718","benjamin_schumann"
"1960","benjamin259"
"148","benji.boom"
"701","benoit_francois"
"1031","benoit_thiebaut"
"759","bergshoeff"
"815","bernd_soundgruam"
"613","bernd_vanhalle"
"1139","beuz_seb"
"1702","bhakti_fabioo"
"684","bi_beat"
"2434","bianca_ismael"
"1231","bibichat_richard"
"2419","biccari"
"640","bighi_andrei"
"1093","bigred2nda"
"1287","bikebm"
"1437","bilbo"
"909","billo_staffolani"
"614","bin_erik"
"1089","binzz"
"812","birgit_baschant"
"1232","biskore"
"1846","bismuth_crystal"
"693","bkubrt"
"1352","bla_patsy"
"2616","blanka"
"2105","blankround"
"2572","blattchasss123"
"980","blukockmunk"
"1323","bob"
"2342","bobby_duff"
"606","bobby_larson"
"780","bobo"
"331","boemboem.tralala"
"219","boglarjumping"
"2465","boh_boh"
"772","bohumil_lorenc"
"1334","boletus_satanas"
"2385","bonaventura"
"1007","bonbon"
"1669","bonifaz"
"230","bonis"
"379","bonis790"
"1630","bonny77"
"151","boo"
"714","borg"
"722","boris_maurizio"
"25","botsz"
"1168","bpolar_rec"
"1136","brainiegek"
"1198","brainrape"
"2672","brandon_stiven"
"2170","brecht_ghijselen"
"2532","brecht_vanstalle"
"2320","bree"
"442","bregt_fellavonne"
"2323","brian_basili"
"1974","brian_dominguez"
"2097","brice_marie"
"1179","briochefoutue"
"1005","britne_jade"
"721","brkotek"
"1192","brockster360"
"1970","brotha_eric"
"906","bruce_veenhouzen"
"1645","brutaltoysrecords"
"292","brux"
"930","brzvsstije"
"950","bubaloo_ep"
"1374","buberl_odu"
"1634","buddy_disastro"
"320","busa.marius"
"368","caleb.wishon"
"890","cali"
"2314","camarilla_emr"
"882","cana_dreiundzwanzig"
"2172","cana_lopez"
"40","canalopez"
"367","candydelmar"
"10","canek23"
"2379","cannasbis"
"2600","cape"
"630","carlo_trotta"
"1532","carlos"
"498","carlos_jerez"
"1369","carmen"
"1027","carolin_hoffmann"
"878","caroline_granddidier"
"839","carpentier"
"1614","carsten_casi"
"42","cascajtek"
"2061","cat"
"2610","catanna23"
"167","cayou.bazou"
"393","ccarmy"
"1044","cchrisoff"
"584","cecilia"
"712","cedced"
"218","cedric.boes"
"2704","celestina_andtrash"
"1648","celia"
"2259","cem_akdeniz"
"2463","cenn"
"1858","ch4"
"446","chalsindp"
"2505","chaman_toox"
"2055","chamillion_gutierrez"
"1006","chantalcyberrise"
"421","chapeau"
"1324","chariotte_blunden"
"2436","charles"
"1375","charlienb"
"348","charlieptk"
"1055","cheffuzer"
"2430","chemtekk"
"384","chevy_ebk"
"1755","chiara"
"1299","chiara2006"
"1606","chico_tek"
"380","chino_valenzuela"
"1515","chivu_ionut"
"2602","chrilli_vanilli"
"580","chris_psyloo"
"837","chris_young"
"346","chris.freetek"
"1796","chrisho_tekka"
"328","chrispy"
"517","christiaan_mennema"
"529","christian_galle"
"1900","christian_poortvliet"
"904","christian_tonini"
"166","christian.fegatilli"
"539","christina_blobel"
"414","christoph_jandl"
"2653","christoph_wolfslehner"
"1203","christophe"
"137","chu"
"704","ci_mo"
"2198","ciccio_fabio"
"2225","cicka"
"181","cindy.didi"
"34","ciori"
"2480","cireland32600"
"725","ciro"
"1621","ck"
"1230","clarisse_pacory"
"1400","clement_reminiac"
"2193","clueshutter"
"496","coco_cioroga"
"24","colla168"
"867","collectiveteknotrance"
"2688","conor_broadbent"
"978","conspira"
"1884","convoystyleentertainment23"
"2694","cora_caporali"
"2695","core_krishna"
"1351","corinne_vercoutter"
"461","corneel_vaneeckhout"
"2569","coste"
"193","courbet"
"1442","couteau"
"49","couve1"
"1831","crackyvonkoksberg"
"1160","cristian_cips"
"2397","cristian_neculaie"
"264","cristina"
"593","cro_han"
"1382","crocetta_contino"
"340","cryoniric"
"1785","cucciola_dony"
"1626","cvenom_bass"
"569","cypha"
"1414","cyril_didimakon"
"1839","cyuhnide"
"2184","d0m1ng0"
"681","d3d4n4"
"1550","da_slidiefsk"
"1851","daan_leemans"
"806","dadakhaos"
"2391","dade_lus"
"2005","dafakt_is"
"1405","daisy"
"2066","dakyobso_alioscia"
"2175","daluro"
"1426","damian_goodvibe"
"296","damiano"
"2150","damnmeat"
"2555","dana_flavia"
"2068","dandysandy"
"2458","dani"
"1977","dani_core"
"2040","dani_gioacchini"
"1597","dani_haluca"
"723","dani_popov"
"2079","dani_quasar"
"2073","dani973"
"110","danibrutaltoys"
"708","daniel"
"2123","daniel_aguirre"
"1995","daniel_alexandru"
"1348","daniel_belli"
"1112","daniel_christov"
